post_id,text,timestamp,user_id,username,hashtags,mentions,likes,replies,retweets,followers_count,following_count,bio,location,language,account_created_at,reply_to_user,mentioned_user,retweeted_user,quoted_user,ground_truth_label,dataset_split
tw_t593932392663912449,"RT @morningJewshow: Speaking about Jews and comedy tonight at Temple Emanu-El in San Francisco. In other words, my High Holidays.",,u_u678033,heathr,,@morningJewshow,0,0,0,7065,1822,Comic. Writer. Speaker. My heart is hardwired to my brain.   Instagram: @heathr   Podcast: http://t.co/l470r0IcVc   Began: #loveislove,OAK,en,Mon Jan 22 01:57:38 +0000 2007,,,,,human,train
tw_t593895316719423488,This age/face recognition thing..no reason platforms can't have changing avatars of our actual faces to increase affect/better communication,,u_u678033,heathr,,,0,0,0,7065,1822,Comic. Writer. Speaker. My heart is hardwired to my brain.   Instagram: @heathr   Podcast: http://t.co/l470r0IcVc   Began: #loveislove,OAK,en,Mon Jan 22 01:57:38 +0000 2007,,,,,human,train
tw_t593880638069018624,Only upside of the moment I can think of is that network news hasn't booked their #Baltimore panels with Bill Cosby.#fb,,u_u678033,heathr,#Baltimore;#fb,,0,0,0,7065,1822,Comic. Writer. Speaker. My heart is hardwired to my brain.   Instagram: @heathr   Podcast: http://t.co/l470r0IcVc   Began: #loveislove,OAK,en,Mon Jan 22 01:57:38 +0000 2007,,,,,human,train
tw_t593847955536252928,If you're going to think about+create experiences then you need a broad knowledge of what the human experience is. #peopleoverinterfaces #UX,,u_u678033,heathr,#peopleoverinterfaces;#UX,,0,0,0,7065,1822,Comic. Writer. Speaker. My heart is hardwired to my brain.   Instagram: @heathr   Podcast: http://t.co/l470r0IcVc   Began: #loveislove,OAK,en,Mon Jan 22 01:57:38 +0000 2007,,,,,human,train
tw_t593847687847350272,Watching a thread on FB about possible future of UX speaker and crowd suggestions seem 96%white American dudes. Dream broadly people.,,u_u678033,heathr,,,0,0,0,7065,1822,Comic. Writer. Speaker. My heart is hardwired to my brain.   Instagram: @heathr   Podcast: http://t.co/l470r0IcVc   Began: #loveislove,OAK,en,Mon Jan 22 01:57:38 +0000 2007,,,,,human,train
tw_t593819412660101121,Don't. Ok? https://t.co/uTXrJ6zvdN,,u_u678033,heathr,,,0,0,0,7065,1822,Comic. Writer. Speaker. My heart is hardwired to my brain.   Instagram: @heathr   Podcast: http://t.co/l470r0IcVc   Began: #loveislove,OAK,en,Mon Jan 22 01:57:38 +0000 2007,,,,,human,train
tw_t593814612820119552,"RT @SanFranciscoBA: #enoughsenough ""Surprise! Woody Allen’s new film is about a young girl’s romance with a much older man."" =&gt; http://t.co…",,u_u678033,heathr,#enoughsenough,@SanFranciscoBA,0,0,0,7065,1822,Comic. Writer. Speaker. My heart is hardwired to my brain.   Instagram: @heathr   Podcast: http://t.co/l470r0IcVc   Began: #loveislove,OAK,en,Mon Jan 22 01:57:38 +0000 2007,,,,,human,train
tw_t593750651449905152,"RT @thepatrickwalsh: Kriss Kross once rapped ""some of them try to rhyme but they can't rhyme like this,"" then rhymed ""jump"" with ""jump"" for…",,u_u678033,heathr,,@thepatrickwalsh,0,0,0,7065,1822,Comic. Writer. Speaker. My heart is hardwired to my brain.   Instagram: @heathr   Podcast: http://t.co/l470r0IcVc   Began: #loveislove,OAK,en,Mon Jan 22 01:57:38 +0000 2007,,,,,human,train
tw_t593750427792867329,RT @TheAtlanticPOL: Watch Baltimore native @tanehisicoates speak on Race in America @JohnsHopkins this morning at 10:30. Livestream here: h…,,u_u678033,heathr,,@tanehisicoates;@TheAtlanticPOL;@JohnsHopkins,0,0,0,7065,1822,Comic. Writer. Speaker. My heart is hardwired to my brain.   Instagram: @heathr   Podcast: http://t.co/l470r0IcVc   Began: #loveislove,OAK,en,Mon Jan 22 01:57:38 +0000 2007,,,,,human,train
tw_t593742580774371329,@thelancearthur @hotdogsladies I didn't realize anyone has ever made it to dessert there.,,u_u678033,heathr,,@hotdogsladies;@thelancearthur,0,0,0,7065,1822,Comic. Writer. Speaker. My heart is hardwired to my brain.   Instagram: @heathr   Podcast: http://t.co/l470r0IcVc   Began: #loveislove,OAK,en,Mon Jan 22 01:57:38 +0000 2007,,,,,human,train
tw_t593659318479687680,RT @sippey: Here's my one paragraph review of the new MacBook. https://t.co/vUcQgXQJEG,,u_u678033,heathr,,@sippey,0,0,0,7065,1822,Comic. Writer. Speaker. My heart is hardwired to my brain.   Instagram: @heathr   Podcast: http://t.co/l470r0IcVc   Began: #loveislove,OAK,en,Mon Jan 22 01:57:38 +0000 2007,,,,,human,train
tw_t593654865689124865,@wkamaubell I stand by you. I don't want men telling me what's sexist either People are the experts on their own experience.,,u_u678033,heathr,,@wkamaubell,0,0,0,7065,1822,Comic. Writer. Speaker. My heart is hardwired to my brain.   Instagram: @heathr   Podcast: http://t.co/l470r0IcVc   Began: #loveislove,OAK,en,Mon Jan 22 01:57:38 +0000 2007,,,,,human,train
tw_t593584377218473984,@frogtosser Thank you Becca.,,u_u678033,heathr,,@frogtosser,0,0,0,7065,1822,Comic. Writer. Speaker. My heart is hardwired to my brain.   Instagram: @heathr   Podcast: http://t.co/l470r0IcVc   Began: #loveislove,OAK,en,Mon Jan 22 01:57:38 +0000 2007,,,,,human,train
tw_t593579247110782976,"@MMFlint I dont' ask for RTs gen, but my friend @frakintosh is a Columbine survivor who needs to finally get therapy http://t.co/SRbhQ3nweH",,u_u678033,heathr,,@frakintosh;@MMFlint,0,0,0,7065,1822,Comic. Writer. Speaker. My heart is hardwired to my brain.   Instagram: @heathr   Podcast: http://t.co/l470r0IcVc   Began: #loveislove,OAK,en,Mon Jan 22 01:57:38 +0000 2007,,,,,human,train
tw_t593578595370438657,"Not only$ but acts+messages from people that say ""you're still here, you matter.""Pls tell @frakintosh u care. http://t.co/SRbhQ3nweH  #PTSD",,u_u678033,heathr,#PTSD,@frakintosh,0,0,0,7065,1822,Comic. Writer. Speaker. My heart is hardwired to my brain.   Instagram: @heathr   Podcast: http://t.co/l470r0IcVc   Began: #loveislove,OAK,en,Mon Jan 22 01:57:38 +0000 2007,,,,,human,train
tw_t593578251722690560,To live with untreated PTSD is to feel like you might die any moment. Again and again. Help costs money. http://t.co/SRbhQ3nweH#fb,,u_u678033,heathr,#fb,,0,0,0,7065,1822,Comic. Writer. Speaker. My heart is hardwired to my brain.   Instagram: @heathr   Podcast: http://t.co/l470r0IcVc   Began: #loveislove,OAK,en,Mon Jan 22 01:57:38 +0000 2007,,,,,human,train
tw_t593578041936220160,@frakintosh is also a Columbine survivor. Miles away from the big news coverage he is still struggling. http://t.co/SRbhQ3nweH#fb,,u_u678033,heathr,#fb,@frakintosh,0,0,0,7065,1822,Comic. Writer. Speaker. My heart is hardwired to my brain.   Instagram: @heathr   Podcast: http://t.co/l470r0IcVc   Began: #loveislove,OAK,en,Mon Jan 22 01:57:38 +0000 2007,,,,,human,train
tw_t593577845814796289,@frakintosh is old skool web. A good web citizen. A maker. A team player. he needs a web of help now http://t.co/SRbhQ3nweH cc @anildash,,u_u678033,heathr,,@frakintosh;@anildash,0,0,0,7065,1822,Comic. Writer. Speaker. My heart is hardwired to my brain.   Instagram: @heathr   Podcast: http://t.co/l470r0IcVc   Began: #loveislove,OAK,en,Mon Jan 22 01:57:38 +0000 2007,,,,,human,train
tw_t593577605615325184,One reason my life has gotten better is the support of my dear friend @frakintosh. Now he needs help. Pls join me http://t.co/SRbhQ3nweH#fb,,u_u678033,heathr,#fb,@frakintosh,0,0,0,7065,1822,Comic. Writer. Speaker. My heart is hardwired to my brain.   Instagram: @heathr   Podcast: http://t.co/l470r0IcVc   Began: #loveislove,OAK,en,Mon Jan 22 01:57:38 +0000 2007,,,,,human,train
tw_t593573786374381569,RT @FINALLEVEL: Jon Stewart got it RIGHT again! Watch the wake up call he gave his #DailyShow viewers regarding the #BaltimoreRiots. http:/…,,u_u678033,heathr,#DailyShow;#BaltimoreRiots,@FINALLEVEL,0,0,0,7065,1822,Comic. Writer. Speaker. My heart is hardwired to my brain.   Instagram: @heathr   Podcast: http://t.co/l470r0IcVc   Began: #loveislove,OAK,en,Mon Jan 22 01:57:38 +0000 2007,,,,,human,train
tw_t593564272917024768,@deray Thank you.,,u_u678033,heathr,,@deray,0,0,0,7065,1822,Comic. Writer. Speaker. My heart is hardwired to my brain.   Instagram: @heathr   Podcast: http://t.co/l470r0IcVc   Began: #loveislove,OAK,en,Mon Jan 22 01:57:38 +0000 2007,,,,,human,train
tw_t593556802517671936,RT @iamsakuma: Hundreds of people are in Union Square about to march uptown via 6th Avenue #blacklivesmatter http://t.co/r3x5wzEm8J,,u_u678033,heathr,#blacklivesmatter,@iamsakuma,0,0,0,7065,1822,Comic. Writer. Speaker. My heart is hardwired to my brain.   Instagram: @heathr   Podcast: http://t.co/l470r0IcVc   Began: #loveislove,OAK,en,Mon Jan 22 01:57:38 +0000 2007,,,,,human,train
tw_t593538473732087808,"""Sexy. But crazy."" I play with makeup for the first time.  #girlyoudontneedmakeup @amyschumer https://t.co/TF59QK1dmY",,u_u678033,heathr,#girlyoudontneedmakeup,@amyschumer,0,0,0,7065,1822,Comic. Writer. Speaker. My heart is hardwired to my brain.   Instagram: @heathr   Podcast: http://t.co/l470r0IcVc   Began: #loveislove,OAK,en,Mon Jan 22 01:57:38 +0000 2007,,,,,human,train
tw_t593538345298440193,"""Sexy. But crazy."" I play with makeup for the first time. From the early vlogging days. #girlyoudontneedmakeup... http://t.co/zOypKmH5X0",,u_u678033,heathr,#girlyoudontneedmakeup,,0,0,0,7065,1822,Comic. Writer. Speaker. My heart is hardwired to my brain.   Instagram: @heathr   Podcast: http://t.co/l470r0IcVc   Began: #loveislove,OAK,en,Mon Jan 22 01:57:38 +0000 2007,,,,,human,train
tw_t593538277749202944,"""Sexy. But crazy.""  I play with makeup for the first time. From the early vlogging days. #girlyoudontneedmakeup... http://t.co/3GEVM4MuSr",,u_u678033,heathr,#girlyoudontneedmakeup,,0,0,0,7065,1822,Comic. Writer. Speaker. My heart is hardwired to my brain.   Instagram: @heathr   Podcast: http://t.co/l470r0IcVc   Began: #loveislove,OAK,en,Mon Jan 22 01:57:38 +0000 2007,,,,,human,train
tw_t593505172678053888,@leadership_tech When will OTHS stop with the sound system in the front plaza that is disturbing the neighborhood?,,u_u678033,heathr,,@leadership_tech,0,0,0,7065,1822,Comic. Writer. Speaker. My heart is hardwired to my brain.   Instagram: @heathr   Podcast: http://t.co/l470r0IcVc   Began: #loveislove,OAK,en,Mon Jan 22 01:57:38 +0000 2007,,,,,human,train
tw_t593503983022440450,"Infuriating to have the Oakland PD tell me they won't have the authority to do anything. If I did the same thing the school is, they would",,u_u678033,heathr,,,0,0,0,7065,1822,Comic. Writer. Speaker. My heart is hardwired to my brain.   Instagram: @heathr   Podcast: http://t.co/l470r0IcVc   Began: #loveislove,OAK,en,Mon Jan 22 01:57:38 +0000 2007,,,,,human,train
tw_t593503379332009986,The best part of heading to Toronto for a month will be not having to hear this school system. My councilmember @dankalb has ignored this.,,u_u678033,heathr,,@dankalb,0,0,0,7065,1822,Comic. Writer. Speaker. My heart is hardwired to my brain.   Instagram: @heathr   Podcast: http://t.co/l470r0IcVc   Began: #loveislove,OAK,en,Mon Jan 22 01:57:38 +0000 2007,,,,,human,train
tw_t593503217167663105,Oakland Tech is once again got the stadium level audio going for the giant crowd of 6 ppl in front of the skul. Ignoring the neighborhood.,,u_u678033,heathr,,,0,0,0,7065,1822,Comic. Writer. Speaker. My heart is hardwired to my brain.   Instagram: @heathr   Podcast: http://t.co/l470r0IcVc   Began: #loveislove,OAK,en,Mon Jan 22 01:57:38 +0000 2007,,,,,human,train
tw_t593468542932131841,The Seinfeld series is going to be on Huluhttp://t.co/YMq9svLI9S#fb,,u_u678033,heathr,#fb,,0,0,0,7065,1822,Comic. Writer. Speaker. My heart is hardwired to my brain.   Instagram: @heathr   Podcast: http://t.co/l470r0IcVc   Began: #loveislove,OAK,en,Mon Jan 22 01:57:38 +0000 2007,,,,,human,train
tw_t593468060364894210,"@TWiBnation is grassroots media covering, on the ground, Baltimore, Ferguson and all the #BlackLivesMatter movement .",,u_u678033,heathr,#BlackLivesMatter,@TWiBnation,0,0,0,7065,1822,Comic. Writer. Speaker. My heart is hardwired to my brain.   Instagram: @heathr   Podcast: http://t.co/l470r0IcVc   Began: #loveislove,OAK,en,Mon Jan 22 01:57:38 +0000 2007,,,,,human,train
tw_t593467561578262528,@kevinroose This got funded during this first Net boom too. I took a gander at the iSmell for the NPR Circuits show https://t.co/gPmlFysl7X,,u_u678033,heathr,,@kevinroose,0,0,0,7065,1822,Comic. Writer. Speaker. My heart is hardwired to my brain.   Instagram: @heathr   Podcast: http://t.co/l470r0IcVc   Began: #loveislove,OAK,en,Mon Jan 22 01:57:38 +0000 2007,,,,,human,train
tw_t593466926359257088,RT @waxpancake: 17 police reform bills went up before Maryland legislators last month. Police lobbyists helped kill all but three. http://t…,,u_u678033,heathr,,@waxpancake,0,0,0,7065,1822,Comic. Writer. Speaker. My heart is hardwired to my brain.   Instagram: @heathr   Podcast: http://t.co/l470r0IcVc   Began: #loveislove,OAK,en,Mon Jan 22 01:57:38 +0000 2007,,,,,human,train
tw_t593466827134607360,RT @camerontw: fingers crossed - we need good news RT @pkedrosky Ben Horowitz (Lyft investor) says Uber is losing “on order of a billion do…,,u_u678033,heathr,,@pkedrosky;@camerontw,0,0,0,7065,1822,Comic. Writer. Speaker. My heart is hardwired to my brain.   Instagram: @heathr   Podcast: http://t.co/l470r0IcVc   Began: #loveislove,OAK,en,Mon Jan 22 01:57:38 +0000 2007,,,,,human,train
tw_t593300904037646336,How did your grandparents meet? Mine involved a guy named Mooch Gluskin. #howIgothere#fb,,u_u678033,heathr,#howIgothere;#fb,,0,0,0,7065,1822,Comic. Writer. Speaker. My heart is hardwired to my brain.   Instagram: @heathr   Podcast: http://t.co/l470r0IcVc   Began: #loveislove,OAK,en,Mon Jan 22 01:57:38 +0000 2007,,,,,human,train
tw_t593265083477692416,RT @nationalpost: Surgery no longer required for trans Canadians to change gender on citizenship certificates http://t.co/PS4IsIjBsL http:/…,,u_u678033,heathr,,@nationalpost,0,0,0,7065,1822,Comic. Writer. Speaker. My heart is hardwired to my brain.   Instagram: @heathr   Podcast: http://t.co/l470r0IcVc   Began: #loveislove,OAK,en,Mon Jan 22 01:57:38 +0000 2007,,,,,human,train
tw_t593251952642818049,"RT @ozchrisrock: The media isn't gonna show it, but I will. Here's a pic of Baltimore citizen's lining up to protect the police. http://t.c…",,u_u678033,heathr,,@ozchrisrock,0,0,0,7065,1822,Comic. Writer. Speaker. My heart is hardwired to my brain.   Instagram: @heathr   Podcast: http://t.co/l470r0IcVc   Began: #loveislove,OAK,en,Mon Jan 22 01:57:38 +0000 2007,,,,,human,train
tw_t593243515729018881,"RT @voxdotcom: In Freddie Gray's Baltimore neighborhood, half of the residents don't have jobs: http://t.co/BQpAghMGqV http://t.co/VMnJdVr1…",,u_u678033,heathr,,@voxdotcom,0,0,0,7065,1822,Comic. Writer. Speaker. My heart is hardwired to my brain.   Instagram: @heathr   Podcast: http://t.co/l470r0IcVc   Began: #loveislove,OAK,en,Mon Jan 22 01:57:38 +0000 2007,,,,,human,train
tw_t593230034011172864,@studiomondeo are you sticking with @mailbox or have you switched? which phone is it weirding out on for you?,,u_u678033,heathr,,@studiomondeo;@mailbox,0,0,0,7065,1822,Comic. Writer. Speaker. My heart is hardwired to my brain.   Instagram: @heathr   Podcast: http://t.co/l470r0IcVc   Began: #loveislove,OAK,en,Mon Jan 22 01:57:38 +0000 2007,,,,,human,train
tw_t593212271578382336,"RT @anildash: Right now, you can directly help a family in Baltimore pay their water bill: https://t.co/R3AhCLW7qy I don't ask this often, …",,u_u678033,heathr,,@anildash,0,0,0,7065,1822,Comic. Writer. Speaker. My heart is hardwired to my brain.   Instagram: @heathr   Podcast: http://t.co/l470r0IcVc   Began: #loveislove,OAK,en,Mon Jan 22 01:57:38 +0000 2007,,,,,human,train
tw_t593208585741471744,MT@xeni All you need to know abt why there r there riots in Baltimore is in these charts. http://t.co/2xdobenYtf http://t.co/EeoXqLGJ2E #fb,,u_u678033,heathr,#fb,@xeni,0,0,0,7065,1822,Comic. Writer. Speaker. My heart is hardwired to my brain.   Instagram: @heathr   Podcast: http://t.co/l470r0IcVc   Began: #loveislove,OAK,en,Mon Jan 22 01:57:38 +0000 2007,,,,,human,train
tw_t593200649690427392,RT @wkamaubell: Los Angeles! Wanna a sneak peak at my new TV show United Shades of America? Come to a free taping this Thurs. &amp; Fri. http:/…,,u_u678033,heathr,,@wkamaubell,0,0,0,7065,1822,Comic. Writer. Speaker. My heart is hardwired to my brain.   Instagram: @heathr   Podcast: http://t.co/l470r0IcVc   Began: #loveislove,OAK,en,Mon Jan 22 01:57:38 +0000 2007,,,,,human,train
tw_t593200417741213696,"Joni Mitchell, Joni Mitchell, Joni Mitchell.",,u_u678033,heathr,,,0,0,0,7065,1822,Comic. Writer. Speaker. My heart is hardwired to my brain.   Instagram: @heathr   Podcast: http://t.co/l470r0IcVc   Began: #loveislove,OAK,en,Mon Jan 22 01:57:38 +0000 2007,,,,,human,train
tw_t593199619305123840,The bowling alley and the Japanese toilet seats didn't surprise me at Google today. The wait in the women's bathroom did.,,u_u678033,heathr,,,0,0,0,7065,1822,Comic. Writer. Speaker. My heart is hardwired to my brain.   Instagram: @heathr   Podcast: http://t.co/l470r0IcVc   Began: #loveislove,OAK,en,Mon Jan 22 01:57:38 +0000 2007,,,,,human,train
tw_t593144016218099712,"RT @saraschaefer1: Great convo. ""How do we balance the responsibility to speak up with the responsibility to shut up?"" http://t.co/qObW6uTX…",,u_u678033,heathr,,@saraschaefer1,0,0,0,7065,1822,Comic. Writer. Speaker. My heart is hardwired to my brain.   Instagram: @heathr   Podcast: http://t.co/l470r0IcVc   Began: #loveislove,OAK,en,Mon Jan 22 01:57:38 +0000 2007,,,,,human,train
tw_t593142453059887104,This guy managed to effortlessly upstage the ejector seat.   Did a little creatively inspirational… https://t.co/lCtOvC7Tek,,u_u678033,heathr,,,0,0,0,7065,1822,Comic. Writer. Speaker. My heart is hardwired to my brain.   Instagram: @heathr   Podcast: http://t.co/l470r0IcVc   Began: #loveislove,OAK,en,Mon Jan 22 01:57:38 +0000 2007,,,,,human,train
tw_t593139078519914496,RT @JoshACLU: This is not the question of someone who is going to rule against marriage equality http://t.co/sTakTJVgSG,,u_u678033,heathr,,@JoshACLU,0,0,0,7065,1822,Comic. Writer. Speaker. My heart is hardwired to my brain.   Instagram: @heathr   Podcast: http://t.co/l470r0IcVc   Began: #loveislove,OAK,en,Mon Jan 22 01:57:38 +0000 2007,,,,,human,train
tw_t593138565363564544,@EllenPapadakis on a completely separate note,,u_u678033,heathr,,@EllenPapadakis,0,0,0,7065,1822,Comic. Writer. Speaker. My heart is hardwired to my brain.   Instagram: @heathr   Podcast: http://t.co/l470r0IcVc   Began: #loveislove,OAK,en,Mon Jan 22 01:57:38 +0000 2007,,,,,human,train
tw_t593138502956503040,@EllenPapadakis hey what was that civ pro Oregon bakery case?,,u_u678033,heathr,,@EllenPapadakis,0,0,0,7065,1822,Comic. Writer. Speaker. My heart is hardwired to my brain.   Instagram: @heathr   Podcast: http://t.co/l470r0IcVc   Began: #loveislove,OAK,en,Mon Jan 22 01:57:38 +0000 2007,,,,,human,train
tw_t593120927778353152,@EllenPapadakis best thing in the world would be to get EPC I think. You?,,u_u678033,heathr,,@EllenPapadakis,0,0,0,7065,1822,Comic. Writer. Speaker. My heart is hardwired to my brain.   Instagram: @heathr   Podcast: http://t.co/l470r0IcVc   Began: #loveislove,OAK,en,Mon Jan 22 01:57:38 +0000 2007,,,,,human,train
tw_t593120742545297408,@EllenPapadakis provided you can claim a legit public policy exception. But I thought a state having whatever it wants was enough,,u_u678033,heathr,,@EllenPapadakis,0,0,0,7065,1822,Comic. Writer. Speaker. My heart is hardwired to my brain.   Instagram: @heathr   Podcast: http://t.co/l470r0IcVc   Began: #loveislove,OAK,en,Mon Jan 22 01:57:38 +0000 2007,,,,,human,train
tw_t593120516195487744,"@EllenPapadakis my ancient recollection (provided, of course nothing has hanged) is that there is always an out really to FFand C",,u_u678033,heathr,,@EllenPapadakis,0,0,0,7065,1822,Comic. Writer. Speaker. My heart is hardwired to my brain.   Instagram: @heathr   Podcast: http://t.co/l470r0IcVc   Began: #loveislove,OAK,en,Mon Jan 22 01:57:38 +0000 2007,,,,,human,train
tw_t593120160480788480,@EllenPapadakis was just giving a talk so haven't been able to listen / read. Have they mentioned Facts of Life?,,u_u678033,heathr,,@EllenPapadakis,0,0,0,7065,1822,Comic. Writer. Speaker. My heart is hardwired to my brain.   Instagram: @heathr   Podcast: http://t.co/l470r0IcVc   Began: #loveislove,OAK,en,Mon Jan 22 01:57:38 +0000 2007,,,,,human,train
tw_t593060969162506240,@bookmeister @studiomondeo nope. Thanks for giving it a shot,,u_u678033,heathr,,@studiomondeo;@bookmeister,0,0,0,7065,1822,Comic. Writer. Speaker. My heart is hardwired to my brain.   Instagram: @heathr   Podcast: http://t.co/l470r0IcVc   Began: #loveislove,OAK,en,Mon Jan 22 01:57:38 +0000 2007,,,,,human,train
tw_t592907960738816000,Finding that @mailbox is either crashing or hanging. Is this happening for you?,,u_u678033,heathr,,@mailbox,0,0,0,7065,1822,Comic. Writer. Speaker. My heart is hardwired to my brain.   Instagram: @heathr   Podcast: http://t.co/l470r0IcVc   Began: #loveislove,OAK,en,Mon Jan 22 01:57:38 +0000 2007,,,,,human,train
tw_t592837645820108801,@JShahryar EXCEPT for my desire to design a game called Cocktail Party when I worked at Bill Gross' first CD-ROM start up.,,u_u678033,heathr,,@JShahryar,0,0,0,7065,1822,Comic. Writer. Speaker. My heart is hardwired to my brain.   Instagram: @heathr   Podcast: http://t.co/l470r0IcVc   Began: #loveislove,OAK,en,Mon Jan 22 01:57:38 +0000 2007,,,,,human,train
tw_t592837542527000576,@JShahryar the only game I really enjoyed after that one much was Galaga. Once they added two buttons to a game I just forgot the genre.,,u_u678033,heathr,,@JShahryar,0,0,0,7065,1822,Comic. Writer. Speaker. My heart is hardwired to my brain.   Instagram: @heathr   Podcast: http://t.co/l470r0IcVc   Began: #loveislove,OAK,en,Mon Jan 22 01:57:38 +0000 2007,,,,,human,train
tw_t592837374440284160,@scottjohnson did you keep em?,,u_u678033,heathr,,@scottjohnson,0,0,0,7065,1822,Comic. Writer. Speaker. My heart is hardwired to my brain.   Instagram: @heathr   Podcast: http://t.co/l470r0IcVc   Began: #loveislove,OAK,en,Mon Jan 22 01:57:38 +0000 2007,,,,,human,train
tw_t592837284556308480,Can Joan Rivers get the Mark Twain award posthumously? For next year #TwainforJoan#fb,,u_u678033,heathr,#TwainforJoan;#fb,,0,0,0,7065,1822,Comic. Writer. Speaker. My heart is hardwired to my brain.   Instagram: @heathr   Podcast: http://t.co/l470r0IcVc   Began: #loveislove,OAK,en,Mon Jan 22 01:57:38 +0000 2007,,,,,human,train
tw_t592833754969841665,The last video game I was good at: http://t.co/tla2MOGccF,,u_u678033,heathr,,,0,0,0,7065,1822,Comic. Writer. Speaker. My heart is hardwired to my brain.   Instagram: @heathr   Podcast: http://t.co/l470r0IcVc   Began: #loveislove,OAK,en,Mon Jan 22 01:57:38 +0000 2007,,,,,human,train
tw_t592833696299937793,The last video game I was good at: http://t.co/qCkMHLRFky,,u_u678033,heathr,,,0,0,0,7065,1822,Comic. Writer. Speaker. My heart is hardwired to my brain.   Instagram: @heathr   Podcast: http://t.co/l470r0IcVc   Began: #loveislove,OAK,en,Mon Jan 22 01:57:38 +0000 2007,,,,,human,train
tw_t592833243885543424,The last video game I was any good at:http://t.co/oN60Ls9J5I,,u_u678033,heathr,,,0,0,0,7065,1822,Comic. Writer. Speaker. My heart is hardwired to my brain.   Instagram: @heathr   Podcast: http://t.co/l470r0IcVc   Began: #loveislove,OAK,en,Mon Jan 22 01:57:38 +0000 2007,,,,,human,train
tw_t592833025592958976,"@Sharkyl Aw, every nerd knows the social cue miss.  That used to be the tech biz. Btw Bandagon looks v cool!",,u_u678033,heathr,,@Sharkyl,0,0,0,7065,1822,Comic. Writer. Speaker. My heart is hardwired to my brain.   Instagram: @heathr   Podcast: http://t.co/l470r0IcVc   Began: #loveislove,OAK,en,Mon Jan 22 01:57:38 +0000 2007,,,,,human,train
tw_t592829761715621889,@Sharkyl Seemed like maybe that was it. Was nice and shook my hand before he went. Ironically he's from Niagara Falls NY!,,u_u678033,heathr,,@Sharkyl,0,0,0,7065,1822,Comic. Writer. Speaker. My heart is hardwired to my brain.   Instagram: @heathr   Podcast: http://t.co/l470r0IcVc   Began: #loveislove,OAK,en,Mon Jan 22 01:57:38 +0000 2007,,,,,human,train
tw_t592829506102104064,"ThxMT @Sharkyl   @heathr Great set on Thur, 1st time seeing you. Talking guy is actually very sweet, but has disablities. You handled great",,u_u678033,heathr,,@Sharkyl;@heathr,0,0,0,7065,1822,Comic. Writer. Speaker. My heart is hardwired to my brain.   Instagram: @heathr   Podcast: http://t.co/l470r0IcVc   Began: #loveislove,OAK,en,Mon Jan 22 01:57:38 +0000 2007,,,,,human,train
tw_t592829282512150530,@Sharkyl very sad.,,u_u678033,heathr,,@Sharkyl,0,0,0,7065,1822,Comic. Writer. Speaker. My heart is hardwired to my brain.   Instagram: @heathr   Podcast: http://t.co/l470r0IcVc   Began: #loveislove,OAK,en,Mon Jan 22 01:57:38 +0000 2007,,,,,human,train
tw_t592810434534711296,@lizgannes congrats!,,u_u678033,heathr,,@lizgannes,0,0,0,7065,1822,Comic. Writer. Speaker. My heart is hardwired to my brain.   Instagram: @heathr   Podcast: http://t.co/l470r0IcVc   Began: #loveislove,OAK,en,Mon Jan 22 01:57:38 +0000 2007,,,,,human,train
tw_t592773515687940097,"@kenyatta @jah Justin, this show is great and it made me miss both of you and more of this conversation. Great making inspiration.",,u_u678033,heathr,,@kenyatta;@jah,0,0,0,7065,1822,Comic. Writer. Speaker. My heart is hardwired to my brain.   Instagram: @heathr   Podcast: http://t.co/l470r0IcVc   Began: #loveislove,OAK,en,Mon Jan 22 01:57:38 +0000 2007,,,,,human,train
tw_t592773296023822338,"@dearsarah with the ""already successful"" hero we're making some strides. With the upstart or ""every woman as every person"" a bit to go.",,u_u678033,heathr,,@dearsarah,0,0,0,7065,1822,Comic. Writer. Speaker. My heart is hardwired to my brain.   Instagram: @heathr   Podcast: http://t.co/l470r0IcVc   Began: #loveislove,OAK,en,Mon Jan 22 01:57:38 +0000 2007,,,,,human,train
tw_t592773083947212800,@dearsarah Yup! Reminds me of the Streep quotes from WITW about the core challenge being how to get men to identify with women protagonists.,,u_u678033,heathr,,@dearsarah,0,0,0,7065,1822,Comic. Writer. Speaker. My heart is hardwired to my brain.   Instagram: @heathr   Podcast: http://t.co/l470r0IcVc   Began: #loveislove,OAK,en,Mon Jan 22 01:57:38 +0000 2007,,,,,human,train
tw_t592770605340094464,"RT @dearsarah: @heathr similarly, though the majority of Twitter's BOD didn't graduate college, only Hillary Clinton was initially consider…",,u_u678033,heathr,,@dearsarah;@heathr,0,0,0,7065,1822,Comic. Writer. Speaker. My heart is hardwired to my brain.   Instagram: @heathr   Podcast: http://t.co/l470r0IcVc   Began: #loveislove,OAK,en,Mon Jan 22 01:57:38 +0000 2007,,,,,human,train
tw_t592770558019907584,the web I love MT @kenyatta   so @jah came to town so i fasted on coffee and we turned on a camera and this ensued http://t.co/A9ywbHhoSa,,u_u678033,heathr,,@kenyatta;@jah,0,0,0,7065,1822,Comic. Writer. Speaker. My heart is hardwired to my brain.   Instagram: @heathr   Podcast: http://t.co/l470r0IcVc   Began: #loveislove,OAK,en,Mon Jan 22 01:57:38 +0000 2007,,,,,human,train
tw_t592769122347409408,"@dearsarah this reminds me of how people responded to the idea of a female host for TDS.  ""Already proven"" is a double standard and limiting",,u_u678033,heathr,,@dearsarah,0,0,0,7065,1822,Comic. Writer. Speaker. My heart is hardwired to my brain.   Instagram: @heathr   Podcast: http://t.co/l470r0IcVc   Began: #loveislove,OAK,en,Mon Jan 22 01:57:38 +0000 2007,,,,,human,train
tw_t592768752019709953,@burstofbeaden congrats Jon!,,u_u678033,heathr,,@burstofbeaden,0,0,0,7065,1822,Comic. Writer. Speaker. My heart is hardwired to my brain.   Instagram: @heathr   Podcast: http://t.co/l470r0IcVc   Began: #loveislove,OAK,en,Mon Jan 22 01:57:38 +0000 2007,,,,,human,train
tw_t592748434035240961,One of my fave pages on the Net: @nytimes short cooking basic videoshttp://t.co/VCkjkZ2Dsd,,u_u678033,heathr,,@nytimes,0,0,0,7065,1822,Comic. Writer. Speaker. My heart is hardwired to my brain.   Instagram: @heathr   Podcast: http://t.co/l470r0IcVc   Began: #loveislove,OAK,en,Mon Jan 22 01:57:38 +0000 2007,,,,,human,train
tw_t592735616556732416,@RippleCreekNW @sprawlgeek I disagree that tech makes people behave badly. The responsibility lies with us humans.,,u_u678033,heathr,,@sprawlgeek;@RippleCreekNW,0,0,0,7065,1822,Comic. Writer. Speaker. My heart is hardwired to my brain.   Instagram: @heathr   Podcast: http://t.co/l470r0IcVc   Began: #loveislove,OAK,en,Mon Jan 22 01:57:38 +0000 2007,,,,,human,train
tw_t592651950404960256,RT @JohnMaloney: Always a Fagen fan but his Coachella diary seals it http://t.co/1tMfGq0cUE,,u_u678033,heathr,,@JohnMaloney,0,0,0,7065,1822,Comic. Writer. Speaker. My heart is hardwired to my brain.   Instagram: @heathr   Podcast: http://t.co/l470r0IcVc   Began: #loveislove,OAK,en,Mon Jan 22 01:57:38 +0000 2007,,,,,human,train
tw_t592465961350926336,Twitter doesn't have a good enough history re gender for it to read that way “@jlp: @heathr it’s from headline news. It’s facetious”,,u_u678033,heathr,,@heathr;@jlp,0,0,0,7065,1822,Comic. Writer. Speaker. My heart is hardwired to my brain.   Instagram: @heathr   Podcast: http://t.co/l470r0IcVc   Began: #loveislove,OAK,en,Mon Jan 22 01:57:38 +0000 2007,,,,,human,train
tw_t592443144660078592,"If you don't believe in hell, it's hard to find it. Same with ugly. #feminist #Jewish",,u_u678033,heathr,#feminist;#Jewish,,0,0,0,7065,1822,Comic. Writer. Speaker. My heart is hardwired to my brain.   Instagram: @heathr   Podcast: http://t.co/l470r0IcVc   Began: #loveislove,OAK,en,Mon Jan 22 01:57:38 +0000 2007,,,,,human,train
tw_t592431418673729536,Really twitter? Who wrote this encapsulation of the trend? @dickc @ev @rosenblattdavid @karaswisher http://t.co/UshK4wzp4H,,u_u678033,heathr,,@dickc;@rosenblattdavid;@karaswisher;@ev,0,0,0,7065,1822,Comic. Writer. Speaker. My heart is hardwired to my brain.   Instagram: @heathr   Podcast: http://t.co/l470r0IcVc   Began: #loveislove,OAK,en,Mon Jan 22 01:57:38 +0000 2007,,,,,human,train
tw_t592429368854519808,@page88 interesting the way the world of capital believes it can hack all the usefulness from spiritual practice without the spirituality,,u_u678033,heathr,,@page88,0,0,0,7065,1822,Comic. Writer. Speaker. My heart is hardwired to my brain.   Instagram: @heathr   Podcast: http://t.co/l470r0IcVc   Began: #loveislove,OAK,en,Mon Jan 22 01:57:38 +0000 2007,,,,,human,train
tw_t592429132299960320,Great piece from @page88 on taking spirituality out for biz MT@chrisfahey: “Mindfulness” is the new “sustainable”—http://t.co/dvxnhuDKrZ”,,u_u678033,heathr,,@page88;@chrisfahey,0,0,0,7065,1822,Comic. Writer. Speaker. My heart is hardwired to my brain.   Instagram: @heathr   Podcast: http://t.co/l470r0IcVc   Began: #loveislove,OAK,en,Mon Jan 22 01:57:38 +0000 2007,,,,,human,train
tw_t592374376030277632,@Documentally the maintenance change is very appealing,,u_u678033,heathr,,@Documentally,0,0,0,7065,1822,Comic. Writer. Speaker. My heart is hardwired to my brain.   Instagram: @heathr   Podcast: http://t.co/l470r0IcVc   Began: #loveislove,OAK,en,Mon Jan 22 01:57:38 +0000 2007,,,,,human,train
tw_t592193097041248256,@JenaFriedman I'm guessing hundreds to 1000 but 30something have publicly spoken,,u_u678033,heathr,,@JenaFriedman,0,0,0,7065,1822,Comic. Writer. Speaker. My heart is hardwired to my brain.   Instagram: @heathr   Podcast: http://t.co/l470r0IcVc   Began: #loveislove,OAK,en,Mon Jan 22 01:57:38 +0000 2007,,,,,human,train
tw_t592163525549641729,RT @TheEconomist: American airlines' quality rating1 Virgin America2 Hawaiian3 Delta4 JetBlue5 Alaska http://t.co/5OqJA3zS0V http://t…,,u_u678033,heathr,,@TheEconomist,0,0,0,7065,1822,Comic. Writer. Speaker. My heart is hardwired to my brain.   Instagram: @heathr   Podcast: http://t.co/l470r0IcVc   Began: #loveislove,OAK,en,Mon Jan 22 01:57:38 +0000 2007,,,,,human,train
tw_t592151359509565440,RT @larrybobsf: Sunday in #Berlin: Vaginal Davis shows Bugsy Malone starring Jodie Foster at ArsenalDetails: http://t.co/ukX7gKbncT https:…,,u_u678033,heathr,#Berlin,@larrybobsf,0,0,0,7065,1822,Comic. Writer. Speaker. My heart is hardwired to my brain.   Instagram: @heathr   Podcast: http://t.co/l470r0IcVc   Began: #loveislove,OAK,en,Mon Jan 22 01:57:38 +0000 2007,,,,,human,train
tw_t592121116669317120,Picked up another spectacular middle-aged accomplishment : slept through the night last night! #newsuperpower#fb,,u_u678033,heathr,#newsuperpower;#fb,,0,0,0,7065,1822,Comic. Writer. Speaker. My heart is hardwired to my brain.   Instagram: @heathr   Podcast: http://t.co/l470r0IcVc   Began: #loveislove,OAK,en,Mon Jan 22 01:57:38 +0000 2007,,,,,human,train
tw_t592066498316800000,@ElisaC @sprawlgeek privileging of corporate liability shield in politics over positive connection of responsibility to each other,,u_u678033,heathr,,@sprawlgeek;@ElisaC,0,0,0,7065,1822,Comic. Writer. Speaker. My heart is hardwired to my brain.   Instagram: @heathr   Podcast: http://t.co/l470r0IcVc   Began: #loveislove,OAK,en,Mon Jan 22 01:57:38 +0000 2007,,,,,human,train
tw_t592066306683248640,"@ElisaC @sprawlgeek are we to do things together or ""on our own."" And how can we do them together with erasure of our uniqueness",,u_u678033,heathr,,@sprawlgeek;@ElisaC,0,0,0,7065,1822,Comic. Writer. Speaker. My heart is hardwired to my brain.   Instagram: @heathr   Podcast: http://t.co/l470r0IcVc   Began: #loveislove,OAK,en,Mon Jan 22 01:57:38 +0000 2007,,,,,human,train
tw_t592066038910488576,@ElisaC @sprawlgeek I believe it's bigger and broader (and older) than current tech biz. And at core an emotional issue,,u_u678033,heathr,,@sprawlgeek;@ElisaC,0,0,0,7065,1822,Comic. Writer. Speaker. My heart is hardwired to my brain.   Instagram: @heathr   Podcast: http://t.co/l470r0IcVc   Began: #loveislove,OAK,en,Mon Jan 22 01:57:38 +0000 2007,,,,,human,train
tw_t592065792838995968,@ElisaC @sprawlgeek ...sustained value. Dismantling of shared resources and sense of shared involvement ie public education,,u_u678033,heathr,,@sprawlgeek;@ElisaC,0,0,0,7065,1822,Comic. Writer. Speaker. My heart is hardwired to my brain.   Instagram: @heathr   Podcast: http://t.co/l470r0IcVc   Began: #loveislove,OAK,en,Mon Jan 22 01:57:38 +0000 2007,,,,,human,train
tw_t592065639948296192,"@ElisaC @sprawlgeek I think a lot I the problem is in big capital funds, the names you don't know, the direction to invest in exits vs",,u_u678033,heathr,,@sprawlgeek;@ElisaC,0,0,0,7065,1822,Comic. Writer. Speaker. My heart is hardwired to my brain.   Instagram: @heathr   Podcast: http://t.co/l470r0IcVc   Began: #loveislove,OAK,en,Mon Jan 22 01:57:38 +0000 2007,,,,,human,train
tw_t592020360989577216,"@sarahgranger @ElisaC @dooce it's just what makes life better, for more. Do business, tech, law, medicine etc serve people or the reverse?",,u_u678033,heathr,,@sarahgranger;@dooce;@ElisaC,0,0,0,7065,1822,Comic. Writer. Speaker. My heart is hardwired to my brain.   Instagram: @heathr   Podcast: http://t.co/l470r0IcVc   Began: #loveislove,OAK,en,Mon Jan 22 01:57:38 +0000 2007,,,,,human,train
tw_t592019967949701120,@sprawlgeek @ElisaC @mylifeasaghost @RippleCreekNW CyberSelfish is a book by Paulina Borsook that saw what was happening in tech first,,u_u678033,heathr,,@sprawlgeek;@mylifeasaghost;@ElisaC;@RippleCreekNW,0,0,0,7065,1822,Comic. Writer. Speaker. My heart is hardwired to my brain.   Instagram: @heathr   Podcast: http://t.co/l470r0IcVc   Began: #loveislove,OAK,en,Mon Jan 22 01:57:38 +0000 2007,,,,,human,train
tw_t592019780153974784,@ElisaC I saw women do the same thing re: Hollywood casting to prove themselves/keep work,,u_u678033,heathr,,@ElisaC,0,0,0,7065,1822,Comic. Writer. Speaker. My heart is hardwired to my brain.   Instagram: @heathr   Podcast: http://t.co/l470r0IcVc   Began: #loveislove,OAK,en,Mon Jan 22 01:57:38 +0000 2007,,,,,human,train
tw_t592019587090108416,"Oy vey. The price. “@ElisaC: @heathr Hey, I selected booth babes for our booths and had to act all cool about it. #notproud”",,u_u678033,heathr,#notproud,@heathr;@ElisaC,0,0,0,7065,1822,Comic. Writer. Speaker. My heart is hardwired to my brain.   Instagram: @heathr   Podcast: http://t.co/l470r0IcVc   Began: #loveislove,OAK,en,Mon Jan 22 01:57:38 +0000 2007,,,,,human,train
tw_t592019482429689856,@RippleCreekNW thanks that's v kind,,u_u678033,heathr,,@RippleCreekNW,0,0,0,7065,1822,Comic. Writer. Speaker. My heart is hardwired to my brain.   Instagram: @heathr   Podcast: http://t.co/l470r0IcVc   Began: #loveislove,OAK,en,Mon Jan 22 01:57:38 +0000 2007,,,,,human,train
tw_t592015135872405504,@ElisaC the web felt clearly like it was about *people*. Lots of early women inc @dooce. Early blogging (pre-blogging software) was v human,,u_u678033,heathr,,@dooce;@ElisaC,0,0,0,7065,1822,Comic. Writer. Speaker. My heart is hardwired to my brain.   Instagram: @heathr   Podcast: http://t.co/l470r0IcVc   Began: #loveislove,OAK,en,Mon Jan 22 01:57:38 +0000 2007,,,,,human,train
tw_t592014913658191876,"@ElisaC that's really interesting.Early web times felt like a liberal arts nerd table bonanza.Hardware was a ""mature"" biz ie booth babes",,u_u678033,heathr,,@ElisaC,0,0,0,7065,1822,Comic. Writer. Speaker. My heart is hardwired to my brain.   Instagram: @heathr   Podcast: http://t.co/l470r0IcVc   Began: #loveislove,OAK,en,Mon Jan 22 01:57:38 +0000 2007,,,,,human,train
tw_t592014517644570625,"RT @ElisaC: @heathr Ah. See I was in more traditional tech (hardware/systems), not Internet, during 90s/early oughts. Super male dominated …",,u_u678033,heathr,,@heathr;@ElisaC,0,0,0,7065,1822,Comic. Writer. Speaker. My heart is hardwired to my brain.   Instagram: @heathr   Podcast: http://t.co/l470r0IcVc   Began: #loveislove,OAK,en,Mon Jan 22 01:57:38 +0000 2007,,,,,human,train
