platform,post_id,text,timestamp,channel_id,channel_title,channel_username,views,forwards,reactions,replies,forwarded_from_id,reply_to_msg_id
Telegram,164773,"WARNING: GRAPHIC

Illinois man HEADSHOTS woman right in front of cop — gunfight ERUPTS

Murderer then shot and killed by officer",2026-08-27T20:43:27+00:00,1387645188,RT News,rtnews,1,0,0,0,,
Telegram,164772,"Lake Ontario's name is 400 years old, predating Canada and the US — Canada's PM Mark Carney

'We know America is changing, Canadians also know that naming reality means calling it Lake Ontario – then, now and always'",2026-08-27T20:34:36+00:00,1387645188,RT News,rtnews,257,3,6,0,,
Telegram,164771,"Trump on his 2nd term: 'when you follow Babe Ruth, or Michael Jordan, it’s maybe harder'

'But I was following Joe Biden'

'Maybe people allow me to be strong to save our nation'",2026-08-27T20:30:01+00:00,1387645188,RT News,rtnews,402,3,12,0,,
Telegram,164770,"'You don’t just flip a switch and get out of 40-year high inflation Biden gave us' — House Speaker Johnson

'We’ve got a lot more work to do. We need reinforcements to do it'",2026-08-27T20:23:01+00:00,1387645188,RT News,rtnews,529,3,21,0,,
Telegram,164769,"'We will SEND BENJAMIN NETANYAHU to HELL...

...& will PROVE that his GRAVE MISTAKES brought the END OF ISRAEL' — Senior IRGC official Mohsen Rezaei VOWS to Al-Mayadeen",2026-08-27T20:18:03+00:00,1387645188,RT News,rtnews,686,6,32,0,,164766.0
Telegram,164768,"'THEY GOT STREAMERS IN THE GAME' — IShowSpeed gets wowpilled during GTA VI Netflix reveal

'HE STREAMING'",2026-08-27T20:16:51+00:00,1387645188,RT News,rtnews,650,0,14,0,,
Telegram,164767,'You have beautiful skin' — Palm Beach Pete says he's newly single and 'sorry' about AOC's breakup,2026-08-27T20:02:38+00:00,1387645188,RT News,rtnews,973,3,15,0,,
Telegram,164766,"Hormuz reopening linked to ENDING WARS in Lebanon & Gaza — Senior IRGC official Mohsen Rezaei

'If Americans want to REOPEN the STRAIT... 

START by ABIDING BY THESE CONDITIONS!'

Says new diplomatic policy means Americans will have to 'CATCH UP & WALK BEHIND IRAN'",2026-08-27T19:53:19+00:00,1387645188,RT News,rtnews,1138,8,49,0,,164762.0
Telegram,164765,Leavitt takes family photo at podium on her last day as press sec.,2026-08-27T19:48:15+00:00,1387645188,RT News,rtnews,1135,1,37,0,,164724.0
Telegram,164764,"'It's Lake Iran' — Professor Mohammad Marandi, University of Tehran",2026-08-27T19:35:05+00:00,1387645188,RT News,rtnews,1375,6,77,0,,
Telegram,164763,Kiev former machine-building plant BURNS — Ukrainian media say cause of blaze unknown,2026-08-27T19:33:52+00:00,1387645188,RT News,rtnews,1330,5,39,0,,
Telegram,164762,"'Beirut & Dahyeh are a RED LINE' — senior IRGC official Rezaei THREATENS Israel

'NO ONE has the RIGHT to move towards them'

VOWS Israel will be FORCED to withdraw from Lebanon 'SOONER OR LATER'",2026-08-27T19:27:54+00:00,1387645188,RT News,rtnews,1350,7,61,0,,
Telegram,164761,"Cops RAID home of Rep. Ilhan Omar’s son, seize firearms and arrest his roommate — Alpha News

Roomate Abdulrahman Abdi detained ‘without incident’

PIC: Omar with her son Adnan",2026-08-27T19:19:01+00:00,1387645188,RT News,rtnews,1495,4,35,0,,
Telegram,164760,"Netanyahu held secret talks with Hamas during 2014 Gaza war — Israeli report

Israeli PM reportedly held direct private talks with top Hamas official Ghazi Hamad

Netanyahu's office denies the claims",2026-08-27T19:12:49+00:00,1387645188,RT News,rtnews,1559,5,47,0,,
Telegram,164759,US Trade Rep. Greer switches to Canadian French to explain how Ottawa 'already had best deal of ANY country',2026-08-27T19:04:27+00:00,1387645188,RT News,rtnews,1637,1,33,0,,
Telegram,164758,"Iranian Prez welcomes Qatar's PM to Tehran for KEY talks, including on future of Strait of Hormuz",2026-08-27T18:56:01+00:00,1387645188,RT News,rtnews,1723,5,56,0,,
Telegram,164757,"Trump admin NOT planning to return to MOU with Iran — sources tell The Wall Street Journal

US is focused on INCREASING economic pressure on Iran instead",2026-08-27T18:52:51+00:00,1387645188,RT News,rtnews,1753,4,60,0,,
Telegram,164756,"ISRAEL WILL NOT ALLOW ‘TENS OF THOUSANDS’ of displaced West Bank Palestinians to return — Times of Israel

Government tells High Court residents of Jenin, Tulkarem and Nur Shams refugee camps will NOT be allowed back after being displaced during 2025 ‘counter-terror op’",2026-08-27T18:43:27+00:00,1387645188,RT News,rtnews,1885,9,83,0,,
Telegram,164755,"Trump on Nepal flash floods: 'we’ve offered any help that they need'

'Well-built buildings wiped out like they were toothpicks'",2026-08-27T18:37:01+00:00,1387645188,RT News,rtnews,1884,4,40,0,,
Telegram,164754,"'All it takes is a good pen and some intelligence

So Lake Ontario...  that's gone

ENJOY LAKE AMERICA' — Trump",2026-08-27T18:33:43+00:00,1387645188,RT News,rtnews,1887,17,83,0,,
Telegram,164753,"'Russia is THREATENING us... SEND MORE WEAPONS TO UKRAINE!'

Denmark PM grows PARANOID over 'war with Russia' — calls for MORE weapons & ammunition to Ukraine",2026-08-27T18:29:07+00:00,1387645188,RT News,rtnews,1845,4,97,0,,
Telegram,164752,"Biden spoke to wife Jill about PARDONING Trump in 2023, Utah Gov Cox urged the same to avoid deepening the US political crisis — The Atlantic 

'Cox left believing it was possible, but it never happened'",2026-08-27T18:25:23+00:00,1387645188,RT News,rtnews,1836,5,34,0,,
Telegram,164751,Woman REPEATEDLY screams ‘SHAME’ and ‘LIES’ NONSTOP as Commerce Sec. Lutnick talks Kennedy Center name change outside court,2026-08-27T18:22:11+00:00,1387645188,RT News,rtnews,1840,4,39,0,,
Telegram,164750,"'US is NOT leaving the continent. Not leaving the Alliance' — Under Secretary of War for Policy Elbridge Colby

'We’re gonna go back to origins of what NATO was supposed to be'

'Where Europe is gonna take the lead'",2026-08-27T18:18:01+00:00,1387645188,RT News,rtnews,1898,4,48,0,,
Telegram,164749,"Oklahoma deputies nearly BURNED ALIVE as they force into apartment after man OPENS FIRE with homemade FLAMETHROWER

IMPROVISED EXPLOSIVE also found inside apartment",2026-08-27T18:14:33+00:00,1387645188,RT News,rtnews,1864,8,28,0,,
Telegram,164748,"‘No choice but to keep hitting Iran until the regime falls’ — Ex-Mossad chief Barnea

‘It is clear to the entire world that the Iranian issue is not our problem alone’

Footage: Barnea in April, before being replaced",2026-08-27T18:07:44+00:00,1387645188,RT News,rtnews,1961,7,95,0,,
Telegram,164747,"‘Why are you doing things like this towards America’s allies instead of adversaries?’

Trump: ‘Canadian officials are NASTY PEOPLE’

Says Canada is the WORST country to deal with on trade: ‘They feel entitled’",2026-08-27T18:04:10+00:00,1387645188,RT News,rtnews,1940,9,53,0,,
Telegram,164746,"'We defend Canada for NOTHING... we don't get ANYTHING!' — Trump

Says Canada 'doesn't pay us' for its defense — 'BUT WE DEFEND CANADA!'",2026-08-27T18:01:54+00:00,1387645188,RT News,rtnews,1886,7,60,0,,
Telegram,164745,"JOURNALIST: Did Ratcliffe deliver a WARNING to Russia NOT to attack NATO?

TRUMP: NO COMMENTS on that...

TRUMP: ...but they're NOT going to ATTACK",2026-08-27T17:57:52+00:00,1387645188,RT News,rtnews,1937,10,50,0,,
Telegram,164744,White House celebrates Lake Ontario renaming with fresh map,2026-08-27T17:56:01+00:00,1387645188,RT News,rtnews,2081,15,88,0,,
Telegram,164743,"‘Why not sanction Chinese banks doing business with Iran?’

Trump: ‘Who said I’m not? I don’t have to announce everything’",2026-08-27T17:53:51+00:00,1387645188,RT News,rtnews,1924,11,80,0,,
Telegram,164742,"'We have a GULF and we have a LAKE

Now all we need is an OCEAN' — Trump 

'So maybe we'll have to change the name of the Atlantic or the Pacific... Maybe we'll change them both'",2026-08-27T17:51:23+00:00,1387645188,RT News,rtnews,1909,16,83,0,,164735.0
Telegram,164741,"'What message are you sending to Canadians by renaming Lake Ontario?'

Trump: 'No message, Canada's been ripping us off, very sad'",2026-08-27T17:49:48+00:00,1387645188,RT News,rtnews,1898,3,56,0,,
Telegram,164740,"Trump on Ted Cruz TEASING for a 2028 PRESIDENTIAL RUN:

'He's VERY TALENTED...

I THINK he might DO THAT!'",2026-08-27T17:47:49+00:00,1387645188,RT News,rtnews,1930,5,51,0,,
Telegram,164739,"‘IRAN’S IN DEEP TROUBLE’ — Trump

Claims ‘they’re not paying their troops’

Says US is passing many boats ‘openly’ through the Strait, including 24 last night",2026-08-27T17:47:03+00:00,1387645188,RT News,rtnews,1918,9,82,0,,
Telegram,164738,"Trump: 'Russia’s behaved quite well having to do with Strait of Hormuz'

'For everything they do, we do also'

'What about China, they’re spying… we spy on them too'",2026-08-27T17:42:38+00:00,1387645188,RT News,rtnews,1989,12,77,0,,
Telegram,164737,Trump: Pres Putin WILL NOT be ATTACKING a NATO TERRITORY,2026-08-27T17:40:35+00:00,1387645188,RT News,rtnews,2043,14,55,0,,
Telegram,164736,"'I am not concerned... at all. There is NO problem' — Trump asked if he’s worried Russia will 'attack NATO'

On CIA chief’s trip to Moscow: 'Ratcliffe sees his Russian counterpart once every six months or once every year'

'There was no message and there was nothing unusual'",2026-08-27T17:34:32+00:00,1387645188,RT News,rtnews,2484,10,55,0,,
Telegram,164735,Trump renames Lake Ontario to Lake America 'effective IMMEDIATELY' with EO signing,2026-08-27T17:29:01+00:00,1387645188,RT News,rtnews,2449,18,96,0,,
Telegram,164734,"Fire engulfs 133-year-old LaGrave Avenue Christian Reformed Church in Michigan

Cause of the blaze is yet unknown",2026-08-27T17:26:53+00:00,1387645188,RT News,rtnews,2134,7,40,0,,
Telegram,164733,"Stern Netanyahu urges Ben Gvir and Smotrich to UNITE their parties ahead of election

Warns of another ‘Oslo disaster’ if the left wins",2026-08-27T17:24:01+00:00,1387645188,RT News,rtnews,2024,9,73,0,,
Telegram,164732,Russian Giatsint-B crew expertly prep artillery shots that turn Kiev troops' position to DUST in Zaporozhye region — MoD,2026-08-27T17:22:01+00:00,1387645188,RT News,rtnews,2002,5,44,0,,
Telegram,164731,"Mercedes CAREENS through Moscow crowd after traffic accident causes it to veer off road

At least 6 injured — initial reports",2026-08-27T17:19:06+00:00,1387645188,RT News,rtnews,2042,2,25,0,,
Telegram,164730,"'She wrapped that band around... little neck... And she squeezed... — prosecutor during Lindsay Clancy trial 

'Just think... Pain & confusion they're going through & it's being done by their mom. Their mom is the one that's hurting them. Their mom is the one that's killing them'",2026-08-27T17:15:44+00:00,1387645188,RT News,rtnews,2046,3,47,0,,
Telegram,164729,Tiny dog NARROWLY ESCAPES Zelensky's mobilization goons as Ukrainian owner is INTERROGATED,2026-08-27T17:12:07+00:00,1387645188,RT News,rtnews,2120,3,29,0,,
Telegram,164728,"After bombs failed to force Tehran to fold, Washington reached for the dollar again

But the new sanctions expose something the US would probably prefer to hide

Namely, the dwindling power of its coercive method

[Full story](https://swentr.site/news/644714-iran-sanctions-reveal-more/?utm_source=tg&utm_medium=tg+)",2026-08-27T17:09:26+00:00,1387645188,RT News,rtnews,2123,6,75,0,,
Telegram,164727,"‘If the US commits any aggression against Iran, we will bring a calamity upon its military and economic interests that will be recorded in history’ — Top Iranian official Gen. Rezaee

Says the US must first take steps toward meeting Iran’s conditions, after which Iran will take action to reopen Hormuz Strait",2026-08-27T17:05:20+00:00,1387645188,RT News,rtnews,2150,11,99,0,,
Telegram,164726,"Iran’s Parliament Speaker accuses US of 'funneling billions to its terrorist proxy, Israel' instead of 'spending that cash on its own people'",2026-08-27T17:00:24+00:00,1387645188,RT News,rtnews,2196,9,100,0,,
Telegram,164725,"PM Mark Carney CONDEMNS ARSON ATTACK on Canadian MP Zahid's car — 'This is a COWARDLY act'

'The Toronto Police have my FULL support as they investigate and ensure the criminals are held accountable to the FULLEST extent of the law'",2026-08-27T16:57:26+00:00,1387645188,RT News,rtnews,2280,3,49,0,,
Telegram,164724,"Leavitt to reporters: 'I’ll miss you guys. I know that’s probably not something anyone would expect me to say'

'Trump is his own best spokesperson. We joke he’s the true comms director and press sec'",2026-08-27T16:49:00+00:00,1387645188,RT News,rtnews,2298,4,71,0,,
Telegram,164723,"'Every doctor Lindsay Clancy saw, none of them saw any signs of psychosis. Ever' — Prosecutor Sprague

'So they're all wrong? That doesn't make sense'",2026-08-27T16:42:01+00:00,1387645188,RT News,rtnews,2381,5,45,0,,
Telegram,164722,"Trump 'deporting' an illegal immigrant who 'wants to fight' — White House on TikTok

'Highest month of deportations yet'",2026-08-27T16:37:59+00:00,1387645188,RT News,rtnews,2358,3,55,0,,
Telegram,164721,"US Patriot missile stocks in Europe BEYOND CRITICAL due to Iran war — US defense official to AP

‘In the event of a Russian ballistic missile assault... NATO could be in a similar position to Patriot-starved Ukraine — forced to take punch after punch in the mouth’",2026-08-27T16:35:17+00:00,1387645188,RT News,rtnews,2314,12,76,0,,
Telegram,164720,"Zelensky waddles up to Moldova’s Sandu on Independence Day celebrations

Forced smiles all around

Talks on 'greater shared security, energy, and infrastructure capabilities'",2026-08-27T16:32:01+00:00,1387645188,RT News,rtnews,2274,6,75,0,,164683.0
Telegram,164719,"Carney's playbook is bashing Trump, Canadians are 'useful idiots of that process' — Trump trade advisor Navarro

'They support that rhetoric, saying that the US is bullying Canada'",2026-08-27T16:27:30+00:00,1387645188,RT News,rtnews,2303,3,53,0,,
Telegram,164718,Most brutal 'circuit-breaking' injuries at this year's World Humanoid Robot Games,2026-08-27T16:23:50+00:00,1387645188,RT News,rtnews,2408,44,69,0,,
Telegram,164717,"Japanese artist Yayoi Kusama dies at 97

She was best known for her polka-dot paintings and art objects, pumpkin-shaped sculptures and infinity room mirrors

Video: museomalba / X",2026-08-27T16:19:47+00:00,1387645188,RT News,rtnews,2328,7,38,0,,
Telegram,164716,"'Only 2 countries retaliating against US are communist China and Canada' — Trump's trade advisor Navarro

'Vancouver is now big Hong Kong to the little Hong Kong over there'",2026-08-27T16:16:01+00:00,1387645188,RT News,rtnews,2417,5,83,0,,
Telegram,164715,Should have had a cigarette and a cup of black coffee while he was at it,2026-08-27T16:12:33+00:00,1387645188,RT News,rtnews,2487,19,68,0,,
Telegram,164714,"Nepal flash flood death toll at 389 — police

466 rescued so far as emergency workers search steep Himalayan valleys for survivors",2026-08-27T16:07:01+00:00,1387645188,RT News,rtnews,2485,12,77,0,,
Telegram,164713,"Russia STRIKES Kiev and Odessa regions, KEY ports and military industries targeted — MoD

◾7 military storage facilities in Odessa DISINTEGRATED 

◾ Robotics manufacturing hub DESTROYED near Velikaya Aleksandrovka

◾UAV logistics center near Bovary, ELIMINATED",2026-08-27T16:03:13+00:00,1387645188,RT News,rtnews,2589,6,82,0,,
Telegram,164712,Moscow Zoo bear Aika shows an unexpected talent for surfing,2026-08-27T15:52:48+00:00,1387645188,RT News,rtnews,2591,15,58,0,,
Telegram,164711,"Bronze Age treasure stolen in FOUR-MINUTE museum heist in Spain

Thieves stole most of the gold from Spain’s Treasure of Villena, a collection dating to around 1250 BC and considered one of Europe’s most important prehistoric hoard

The haul is valued at at least €1.7 million

Video: NewsContext360 / X",2026-08-27T15:49:16+00:00,1387645188,RT News,rtnews,2581,10,68,0,,
Telegram,164709,"Israeli strikes pummel several southern Lebanese towns

One woman killed and many others wounded in latest airstrikes",2026-08-27T15:46:02+00:00,1387645188,RT News,rtnews,2574,3,95,0,,
Telegram,164708,"'I tried to kill myself... the kids are in the basement'

Prosecutor Jennifer Sprague goes through horrifying details of the day Lindsay Clancy killed her 3 children",2026-08-27T15:42:47+00:00,1387645188,RT News,rtnews,2563,5,45,0,,
Telegram,164707,"‘Trump administration committed to new approaches against drugs, cartels and crime' — US Attorney General Blanche
 
Blanche announces Los Choneros and Los Lobos dismantled in Ecuador
 
‘One metric ton of cocaine was seized yesterday, as well as around a million dollars in US’",2026-08-27T15:35:47+00:00,1387645188,RT News,rtnews,2725,6,56,0,,164706.0
Telegram,164706,"US ATTORNEY GENERAL BLANCHE: ‘Let this be a WARNING’ to criminal gangs

Blanche said Homeland Security Task Forces nationwide are ‘unified’ to target 'criminal cartels, foreign gangs and transnational criminal organisations'",2026-08-27T15:30:35+00:00,1387645188,RT News,rtnews,2724,3,53,0,,
Telegram,164705,"‘Autobots, roll out!’

Peter Cullen, legendary voice of Optimus Prime in ‘Transformers’ dies at 85",2026-08-27T15:25:24+00:00,1387645188,RT News,rtnews,2780,10,45,0,,
Telegram,164704,Lindsay Clancy's face as she listens to prosecutor Jennifer Sprague during the trial's closing arguments,2026-08-27T15:17:33+00:00,1387645188,RT News,rtnews,2820,5,54,0,,164699.0
Telegram,164703,"QATAR PM MEETS GHALIBAF as Tehran hits back at Trump’s Iran policy  

Iranian Parliament Speaker Ghalibaf said Trump makes ‘wrong decisions based on false information’  

Qalibaf warned that Washington’s planned economic siege of Iran would ‘also be unsuccessful’",2026-08-27T15:13:06+00:00,1387645188,RT News,rtnews,2805,8,87,0,,
Telegram,164702,"Man feeds complete nonsense to an AI recruiter and still completes a successful job interview

The bot praises his seven years at ‘Sprucewood,’ discusses ‘raccoon protocols’ and accepts a ‘sideways drill bit’ as his desired salary range

With companies already struggling to match candidates with jobs, flawed AI screening may be making the hiring crisis even worse

Footage: graham zip",2026-08-27T15:07:01+00:00,1387645188,RT News,rtnews,2846,50,79,0,,
Telegram,164701,"Lukashenko FLYING to Moscow to meet with Putin — regional and international issues on the agenda

Video: 2021",2026-08-27T15:04:29+00:00,1387645188,RT News,rtnews,2789,10,94,0,,
Telegram,164700,"CONFUSION in Israel as Deputy UN rep says Erez Crossing will OPEN for goods entering Gaza

Then Netanyahu & Defense Minister DENY there is any directive to open it:

'There will be no reconstruction before Hamas is disarmed and Gaza is fully demilitarized' — they added in joint statement",2026-08-27T15:01:48+00:00,1387645188,RT News,rtnews,2841,2,77,0,,
Telegram,164699,"Lindsay Clancy's defense attorney blames 'the damn medicine and the lousy medical care that she got' 

'This is a prosecution that has ripped the soul out of this girl'",2026-08-27T14:56:40+00:00,1387645188,RT News,rtnews,2821,2,79,0,,
Telegram,164698,"VON DER LEYEN: EU TRADE DEFICIT with China now nearly €1 BILLION a day

‘European imports from China have increased by 45% over the past five years’

‘Our exports to China are declining,’ she said, adding that the deficit has risen another 10% since the start of 2026",2026-08-27T14:48:01+00:00,1387645188,RT News,rtnews,2971,14,150,0,,
Telegram,164697,"**Lindsay Clancy admitted to killing her three young children, but her defense attorney says she shouldn't be held criminally responsible**

'This young lady, did nothing wrong in her life… she was a darn good mother'",2026-08-27T14:45:06+00:00,1387645188,RT News,rtnews,2952,9,102,0,,
Telegram,164696,"Israeli female prison officer’s SISTER and GFS BEAT MEN with batons, then SMASH their car

All over a parking dispute

Three women indicted — one man hospitalized with head injury",2026-08-27T14:43:12+00:00,1387645188,RT News,rtnews,2971,12,90,0,,
Telegram,164695,"**Moment lightning struck Clock Tower's crescent in Mecca**

A magnificent strike at the top, matched only by the beauty of the shot

Video: Jahan Tasnim",2026-08-27T14:35:00+00:00,1387645188,RT News,rtnews,3083,29,77,0,,164661.0
Telegram,164694,"Israel claims new STRIKES on 'Hezbollah infrastructure' in southern Lebanon — IDF

'In response to the launch of explosive drones towards our forces in the security zone'",2026-08-27T14:31:56+00:00,1387645188,RT News,rtnews,2930,5,91,0,,
Telegram,164690,"She wanted child support — without the children

A woman from Russia's Ulyanovsk TRICKED her ex into sending 684,000 rubles (over $7,500) for a non-existent twin birth, complete with internet photos and a conveniently deceased relative

The relative turned up alive by the way

Fraud case opened",2026-08-27T14:26:25+00:00,1387645188,RT News,rtnews,2973,7,69,0,,
Telegram,164689,"Armenia's Pashinyan talks down strategic partnership with Russia — claims CSTO didn't 'fulfill obligations'

'It's been in front of our eyes since 2022, if I say it's a strategic partnership, it has to mean something right?'",2026-08-27T14:19:45+00:00,1387645188,RT News,rtnews,3049,8,92,0,,
Telegram,164688,"US Coastal Guard SEIZES over 3,000 kg of cocaine — DHS

Five suspected smugglers were arrested after the vessel was reportedly intercepted off the coast of Puerto Rico",2026-08-27T14:16:16+00:00,1387645188,RT News,rtnews,3078,3,56,0,,
Telegram,164687,"**'Pedro Sanchez, son of a b*tch' — Spanish TV cut its live broadcast just as Ceuta residents slam the prime minister**

Locals are turning out in force to demand migrant deportations and reject a royal decree forcing Ceuta to house illegal immigrants",2026-08-27T14:09:51+00:00,1387645188,RT News,rtnews,3328,22,93,0,,164656.0
Telegram,164686,"**Punk rapper Bob Vylan won't face charges over chanting 'death, death to the IDF' in central London**

The Met said they consulted the Crown Prosecution Service and decided no further action would be taken",2026-08-27T13:58:27+00:00,1387645188,RT News,rtnews,3284,13,145,0,,
Telegram,164685,"An IDF social media account published video advising haredi with unresolved draft status on how to avoid problems at Ben Gurion Airport — JP

It was deleted after Army Radio reported it & asked IDF for comment

It came ahead of the annual Rosh Hashanah pilgrimage to Uman, Ukraine",2026-08-27T13:55:02+00:00,1387645188,RT News,rtnews,3241,5,64,0,,
Telegram,164684,"**'We will Judaize the Galilee just as we Judaized Judea and Samaria' **— Israel’s Smotrich’s campaign ad

His goal is one million more Jews in the Negev and Galilee, plus 40 new settlements

'Yes to Judaizing!' — Finance Minister Smotrich",2026-08-27T13:50:14+00:00,1387645188,RT News,rtnews,3243,15,123,0,,
Telegram,164683,"Moldova FLEXES armed forces as it prepares for Independence Day military parade 

Military equipment is ALREADY moving through the streets of the capital Chisinau",2026-08-27T13:48:41+00:00,1387645188,RT News,rtnews,3129,4,80,0,,
Telegram,164682,"Iranian Oil Minister: Sales CONTINUE despite 'US blockade' — ISNA

Mohsen Paknejad said deliveries to customers are continuing in offshore waters

Video: WSJ",2026-08-27T13:45:02+00:00,1387645188,RT News,rtnews,3240,13,112,0,,
Telegram,164681,"US Navy sailor who jumped off USS Abraham Lincoln in ‘suicide attempt’ faces DISCIPLINARY CHARGES

He's accused of ‘faking illness or hurting themselves to avoid duty’ — could have pay docked

‘I think they’re insane for doing this to people who need mental help’ — wife to MSN",2026-08-27T13:42:13+00:00,1387645188,RT News,rtnews,3203,12,108,0,,
Telegram,164680,"UEFA to drop FIFA boycott threat after ownership guarantees, still wants Infantino out — Bloomberg

European teams to return to FIFA events, starting with the U-20 Women’s World Cup in Poland in September",2026-08-27T13:39:05+00:00,1387645188,RT News,rtnews,3231,5,70,0,,
Telegram,164679,Canada's Mark Carney reportedly appoints ex Clinton aide as advisor on US relations amid standoff with Trump — Globe and Mail,2026-08-27T13:22:55+00:00,1387645188,RT News,rtnews,3403,8,82,0,,
Telegram,164678,"**Nepal police arrest two men for stealing gold earrings from a woman who died in floods**

Footage of the theft went viral online before they were caught",2026-08-27T13:17:34+00:00,1387645188,RT News,rtnews,3511,23,134,0,,
Telegram,164677,"Ratko Mladiс, Bosnian Serb ex‑army chief, dies in prison at 84",2026-08-27T13:14:45+00:00,1387645188,RT News,rtnews,3387,18,109,0,,
Telegram,164676,"Italy proposes SETTING A 30% LIMIT on migrant children in classrooms

Education Minister also wants COMPULSORY Italian language classes for parents

‘Italy welcomes migrants, but they need to understand the country’s identity and values’ — Giuseppe Valditara",2026-08-27T13:11:23+00:00,1387645188,RT News,rtnews,3496,15,116,0,,
Telegram,164675,"Leavitt's FINAL interview as WH Press Sec:

'It's been the honor and blessing of a lifetime to work for this president, President Trump'

'It's time for me to take a step back, so I can spend more time with my two beautiful children'",2026-08-27T13:07:15+00:00,1387645188,RT News,rtnews,3392,9,103,0,,
Telegram,164674,"Spiritual leader Sadhguru FIGHTS BACK TEARS as he announces to the CRYING audience that 80 pilgrims REMAIN MISSING after DEVASTATING Nepal-China flood

'We have no... official confirmation of any kind. But looking at the scale of destruction, IT LOOKS BAD'",2026-08-27T13:04:23+00:00,1387645188,RT News,rtnews,3454,14,88,0,,
Telegram,164673,"Hegseth REFUSES to reveal US munitions stockpiles

‘We had plenty when we needed it and we have plenty now,’ he tells reporters",2026-08-27T12:58:29+00:00,1387645188,RT News,rtnews,3394,11,129,0,,
Telegram,164670,"**US Army Bradley fighting vehicle filmed carrying five small AI-powered robot swarm units on its side racks during exercises**

The 60-pound robots can scout ahead, jam signals, or attack tanks

One soldier can control six to ten of them at once

Source: Swarmbotics AI",2026-08-27T12:55:19+00:00,1387645188,RT News,rtnews,3254,18,83,0,,
Telegram,164669,"Vandals destroy memorial to WWII Soviet Army soldiers in Latvia's Salaspils

About 150,000 Soviet soldiers died during the liberation of Latvia from Nazi forces",2026-08-27T12:49:40+00:00,1387645188,RT News,rtnews,3451,9,128,0,,
Telegram,164668,"WH Press Sec Leavitt on Iran:

'No negotiations are happening right now'",2026-08-27T12:46:27+00:00,1387645188,RT News,rtnews,3386,7,96,0,,
